Time (s),Pressure (mmHg)
0.0,120.0
0.01001001001001001,119.95037968763953
0.02002002002002002,119.90078297582387
0.03003003003003003,119.85120816093634
0.04004004004004004,119.80165328236181
0.050050050050050046,119.7521161210363
0.06006006006006006,119.70259419977245
0.07007007007007007,119.65308478546372
0.08008008008008008,119.60358489326056
0.09009009009009009,119.55409129280467
0.10010010010010009,119.50460051659549
0.11011011011011011,119.45510887055275
0.12012012012012012,119.40561244682594
0.13013013013013014,119.35610713888813
0.14014014014014015,119.30658865893663
0.15015015015015015,119.25705255760775
0.16016016016016016,119.20749424599573
0.17017017017017017,119.15790901994899
0.18018018018018017,119.108292086598
0.19019019019019018,119.05863859305065
0.20020020020020018,119.00894365717079
0.21021021021021022,118.95920240033624
0.22022022022022023,118.90940998205143
0.23023023023023023,118.85956163627004
0.24024024024024024,118.80965270926127
0.2502502502502503,118.75967869883374
0.2602602602602603,118.70963529470997
0.2702702702702703,118.65951841982468
0.2802802802802803,118.60932427230034
0.2902902902902903,118.55904936783544
0.3003003003003003,118.50869058222234
0.3103103103103103,118.45824519369557
0.3203203203203203,118.40771092479577
0.3303303303303303,118.35708598342063
0.34034034034034033,118.30636910272233
0.35035035035035034,118.25555957950009
0.36036036036036034,118.20465731072865
0.37037037037037035,118.1536628278571
0.38038038038038036,118.10257732850887
0.39039039039039036,118.0514027052126
0.40040040040040037,118.00014157079458
0.41041041041041043,117.94879728006842
0.42042042042042044,117.89737394746419
0.43043043043043044,117.84587646024985
0.44044044044044045,117.79431048701062
0.45045045045045046,117.7426824810691
0.46046046046046046,117.6909996785479
0.47047047047047047,117.6392700908
0.4804804804804805,117.5875024909578
0.4904904904904905,117.5357063943816
0.5005005005005005,117.48389203282036
0.5105105105105106,117.43207032213354
0.5205205205205206,117.38025282346122
0.5305305305305306,117.32845169777121
0.5405405405405406,117.27667965375616
0.5505505505505506,117.22494988910003
0.5605605605605606,117.1732760251823
0.5705705705705706,117.12167203533973
0.5805805805805806,117.07015216685747
0.5905905905905906,117.0187308569162
0.6006006006006006,116.96742264277701
0.6106106106106106,116.91624206654184
0.6206206206206206,116.86520357488445
0.6306306306306306,116.81432141420252
0.6406406406406406,116.76360952169863
0.6506506506506506,116.71308141295263
0.6606606606606606,116.66275006660226
0.6706706706706707,116.61262780680131
0.6806806806806807,116.56272618417412
0.6906906906906907,116.5130558560337
0.7007007007007007,116.46362646667367
0.7107107107107107,116.4144465285861
0.7207207207207207,116.36552330549219
0.7307307307307307,116.31686269810622
0.7407407407407407,116.26846913357812
0.7507507507507507,116.22034545958239
0.7607607607607607,116.17249284403539
0.7707707707707707,116.12491068143235
0.7807807807807807,116.07759650679691
0.7907907907907907,116.03054591823123
0.8008008008008007,115.98375250904186
0.8108108108108109,115.93720781039663
0.8208208208208209,115.89090124543927
0.8308308308308309,115.84482009575272
0.8408408408408409,115.79894948101696
0.8508508508508509,115.75327235265503
0.8608608608608609,115.70776950219971
0.8708708708708709,115.66241958504376
0.8808808808808809,115.61719916015919
0.8908908908908909,115.57208274628627
0.9009009009009009,115.52704289499887
0.9109109109109109,115.48205028095298
0.9209209209209209,115.43707380951714
0.9309309309309309,115.3920807418701
0.9409409409409409,115.34703683752993
0.950950950950951,115.30190651415421
0.960960960960961,115.25665302431965
0.970970970970971,115.2112386488558
0.980980980980981,115.16562490616923
0.990990990990991,115.11977277685494
1.001001001001001,115.07364294274953
1.011011011011011,115.02719603943933
1.021021021021021,114.9803929210942
1.031031031031031,114.93319493635815
1.0410410410410411,114.88556421388999
1.0510510510510511,114.83746395601382
1.0610610610610611,114.78885873880981
1.0710710710710711,114.7397148168535
1.0810810810810811,114.69000043069529
1.0910910910910911,114.63968611506574
1.1011011011011012,114.5887450056934
1.1111111111111112,114.5371531425358
1.1211211211211212,114.48488976714854
1.1311311311311312,114.43193761185516
1.1411411411411412,114.37828317833231
1.1511511511511512,114.32391700319089
1.1611611611611612,114.2688339081163
1.1711711711711712,114.21303323212987
1.1811811811811812,114.1565190435496
1.1911911911911912,114.09930032926292
1.2012012012012012,114.04139115897688
1.2112112112112112,113.982810822183
1.2212212212212212,113.9235839356654
1.2312312312312312,113.86374051949166
1.2412412412412412,113.80331603955534
1.2512512512512513,113.74235141489021
1.2612612612612613,113.68089298814387
1.2712712712712713,113.61899245778723
1.2812812812812813,113.55670677084177
1.2912912912912913,113.49409797513111
1.3013013013013013,113.43123303030282
1.3113113113113113,113.3681835771239
1.3213213213213213,113.30502566482281
1.3313313313313313,113.2418394365364
1.3413413413413413,113.17870877321462
1.3513513513513513,113.11572089664271
1.3613613613613613,113.05296593255389
1.3713713713713713,112.99053643512731
1.3813813813813813,112.9285268744901
1.3913913913913913,112.8670330891702
1.4014014014014013,112.80615170577346
1.4114114114114114,112.74597952848379
1.4214214214214214,112.68661290130507
1.4314314314314314,112.62814704627584
1.4414414414414414,112.57067538119124
1.4514514514514514,112.51428882065673
1.4614614614614614,112.45907506457354
1.4714714714714714,112.40511787841369
1.4814814814814814,112.35249636987955
1.4914914914914914,112.30128426675837
1.5015015015015014,112.25154920097111
1.5115115115115114,112.20335200397734
1.5215215215215214,112.15674601883009
1.5315315315315314,112.1117764342747
1.5415415415415414,112.06847964635169
1.5515515515515514,112.02688265299449
1.5615615615615615,111.98700248710516
1.5715715715715715,111.9488456935455
1.5815815815815815,111.9124078553948
1.5915915915915915,111.87767317469788
1.6016016016016015,111.84461411275791
1.6116116116116117,111.81319109481754
1.6216216216216217,111.78335228371753
1.6316316316316317,111.75503342682599
1.6416416416416417,111.72815778019378
1.6516516516516517,111.70263611351263
1.6616616616616617,111.67836679903317
1.6716716716716717,111.65523598714391
1.6816816816816818,111.63311787081683
1.6916916916916918,111.61187504059808
1.7017017017017018,111.59135893126094
1.7117117117117118,111.5714103606479
1.7217217217217218,111.55186016061337
1.7317317317317318,111.53252989933834
1.7417417417417418,111.5132326936305
1.7517517517517518,111.49377410914958
1.7617617617617618,111.47395314581259
1.7717717717717718,111.45356330494283
1.7817817817817818,111.43239373403308
1.7917917917917918,111.41023044430271
1.8018018018018018,111.38685759554683
1.8118118118118118,111.36205884210547
1.8218218218218218,111.33561873313027
1.8318318318318318,111.30732415969847
1.8418418418418419,111.27696584072538
1.8518518518518519,111.24433983906258
1.8618618618618619,111.20924909864348
1.8718718718718719,111.17150499305819
1.8818818818818819,111.13092887550842
1.8918918918918919,111.08735361971726
1.901901901901902,111.04062514105121
1.911911911911912,110.99060388685801
1.921921921921922,110.9371662848375
1.931931931931932,110.8802061381479
1.941941941941942,110.81963595590885
1.951951951951952,110.75538820779984
1.961961961961962,110.68741649156905
1.971971971971972,110.61569660246691
1.981981981981982,110.5402274939002
1.991991991991992,110.4610321189693
2.002002002002002,110.37815814300212
2.012012012012012,110.29167851773381
2.022022022022022,110.20169190840014
2.032032032032032,110.10832296571353
2.042042042042042,110.01172243547205
2.052052052052052,109.91206709940933
2.062062062062062,109.8095595418253
2.0720720720720722,109.70442773753977
2.0820820820820822,109.59692445777668
2.0920920920920922,109.48732649171352
2.1021021021021022,109.37593368261065
2.1121121121121122,109.26306777866182
2.1221221221221223,109.14907109997563
2.1321321321321323,109.034305024397
2.1421421421421423,108.91914829620318
2.1521521521521523,108.80399516304912
2.1621621621621623,108.68925334788557
2.1721721721721723,108.57534186391901
2.1821821821821823,108.4626886820175
2.1921921921921923,108.35172826127928
2.2022022022022023,108.24289895476353
2.2122122122122123,108.13664030362374
2.2222222222222223,108.03339023407327
2.2322322322322323,107.93358217274252
2.2422422422422423,107.83764209704319
2.2522522522522523,107.74598553813351
2.2622622622622623,107.65901455496419
2.2722722722722724,107.57711469867253
2.2822822822822824,107.50065198727265
2.2922922922922924,107.42996991115271
2.3023023023023024,107.3653864903313
2.3123123123123124,107.30719140473445
2.3223223223223224,107.25564321892827
2.3323323323323324,107.21096672277349
2.3423423423423424,107.17335040935258
2.3523523523523524,107.14294411125393
2.3623623623623624,107.11985681587919
2.3723723723723724,107.10415467986535
2.3823823823823824,107.09585926198382
2.3923923923923924,107.09494599299434
2.4024024024024024,107.1013428998928
2.4124124124124124,107.11492960080298
2.4224224224224224,107.13553658542529
2.4324324324324325,107.1629447944765
2.4424424424424425,107.19688550993948
2.4524524524524525,107.23704056619698
2.4624624624624625,107.28304289025922
2.4724724724724725,107.33447737731807
2.4824824824824825,107.39088210578373
2.4924924924924925,107.45174989379426
2.5025025025025025,107.51653019694432
2.5125125125125125,107.58463134467381
2.5225225225225225,107.65542311040196
2.5325325325325325,107.72823960810211
2.5425425425425425,107.80238250560534
2.5525525525525525,107.87712454250965
2.5625625625625625,107.95171333817679
2.5725725725725725,108.025375472933
2.5825825825825826,108.09732082327503
2.5925925925925926,108.1667471296326
2.6026026026026026,108.23284477307276
2.6126126126126126,108.29480173526635
2.6226226226226226,108.3518087140896
2.6326326326326326,108.40306436542198
2.6426426426426426,108.44778064003972
2.6526526526526526,108.48518818301069
2.6626626626626626,108.5145417616823
2.6726726726726726,108.53512568723762
2.6826826826826826,108.54625919388558
2.6926926926926926,108.5473017390624
2.7027027027027026,108.53765818756493
2.7127127127127126,108.51678384231813
2.7227227227227226,108.48418928451152
2.7327327327327327,108.43944498612393
2.7427427427427427,108.3821856584018
2.7527527527527527,108.31211430066203
2.7627627627627627,108.22900591486274
2.7727727727727727,108.13271085271649
2.7827827827827827,108.02315776371626
2.7927927927927927,107.90035611429283
2.8028028028028027,107.76439825042236
2.8128128128128127,107.61546097834436
2.8228228228228227,107.45380664062273
2.8328328328328327,107.27978366757478
2.8428428428428427,107.09382658709251
2.8528528528528527,106.89645547906778
2.8628628628628627,106.68827486399596
2.8728728728728727,106.46997201884768
2.8828828828828827,106.24231471694866
2.8928928928928928,106.0061483923686
2.9029029029029028,105.7623927331706
2.9129129129129128,105.51203771178663
2.9229229229229228,105.2561390647383
2.932932932932933,104.99581323788753
2.942942942942943,104.73223181735372
2.952952952952953,104.46661547014298
2.962962962962963,104.20022742237488
2.972972972972973,103.93436650673391
2.982982982982983,103.6703598143886
2.992992992992993,103.40955499008328
3.003003003003003,103.15331221238844
3.013013013013013,102.90299590416882
3.023023023023023,102.65996622116792
3.033033033033033,102.42557036918821
3.043043043043043,102.20113380264534
3.053053053053053,101.98795135926886
3.063063063063063,101.78727838739162
3.073073073073073,101.60032192359563
3.083083083083083,101.4282319794483
3.093093093093093,101.27209299665292
3.103103103103103,101.13291553014109
3.113113113113113,101.01162821844058
3.123123123123123,100.90907010005398
3.133133133133133,100.825983333576
3.143143143143143,100.76300637785846
3.153153153153153,100.72066768670315
3.163163163163163,100.69937997032787
3.173173173173173,100.69943507321538
3.183183183183183,100.72099951493004
3.193193193193193,100.76411073708424
3.203203203203203,100.82867409587108
3.2132132132132134,100.9144606354714
3.2232232232232234,101.02110567321044
3.2332332332332334,101.1481082226084
3.2432432432432434,101.29483127546466
3.2532532532532534,101.46050295886633
3.2632632632632634,101.64421857754961
3.2732732732732734,101.84494354639952
3.2832832832832834,102.06151721208582
3.2932932932932935,102.2926575569352
3.3033033033033035,102.53696677217302
3.3133133133133135,102.79293768166828
3.3233233233233235,103.05896099132627
3.3333333333333335,103.33333333333333
3.3433433433433435,103.61426606861029
3.3533533533533535,103.8998948051165
3.3633633633633635,104.18828958410658
3.3733733733733735,104.47746568111836
3.3833833833833835,104.76539496340283
3.3933933933933935,105.05001774073531
3.4034034034034035,105.32925504210931
3.4134134134134135,105.6010212467465
3.4234234234234235,105.86323699419336
3.4334334334334335,106.11384229504894
3.4434434434434436,106.35080976110962
3.4534534534534536,106.57215787145104
3.4634634634634636,106.77596418922252
3.4734734734734736,106.96037844272071
3.4834834834834836,107.12363538366175
3.4934934934934936,107.26406733549217
3.5035035035035036,107.38011634508335
3.5135135135135136,107.47034585224799
3.5235235235235236,107.53345179320102
3.5335335335335336,107.56827305636219
3.5435435435435436,107.57380121175719
3.5535535535535536,107.54918943870854
3.5635635635635636,107.49376058050358
3.5735735735735736,107.40701425926629
3.5835835835835836,107.28863298932134
3.5935935935935936,107.13848723289601
3.6036036036036037,106.95663934802926
3.6136136136136137,106.74334638501375
3.6236236236236237,106.49906169454978
3.6336336336336337,106.2244353179976
3.6436436436436437,105.92031313763698
3.6536536536536537,105.58773477262929
3.6636636636636637,105.22793021438332
3.6736736736736737,104.84231520319764
3.6836836836836837,104.43248535633913
3.6936936936936937,104.00020906606136
3.7037037037037037,103.5474191944175
3.7137137137137137,103.07620360001732
3.7237237237237237,102.58879454006545
3.7337337337337337,102.08755699903713
3.7437437437437437,101.57497600314397
3.7537537537537538,101.05364298725772
3.7637637637637638,100.5262412881416
3.7737737737737738,99.99553084463126
3.7837837837837838,99.46433219176002
3.793793793793794,98.93550984168753
3.803803803803804,98.411955149618
3.813813813813814,97.8965687676438
3.823823823823824,97.39224279357848
3.833833833833834,96.9018427253178
3.843843843843844,96.42818933405198
3.853853853853854,95.97404057172061
3.863863863863864,95.54207362943208
3.873873873873874,95.13486726413747
3.883883883883884,94.75488451064774
3.893893893893894,94.40445589509912
3.903903903903904,94.08576326420204
3.913913913913914,93.80082434205912
3.923923923923924,93.55147812301001
3.933933933933934,93.33937120487167
3.943943943943944,93.16594516210856
3.953953953953954,93.032425052912
3.963963963963964,92.93980914792049
3.973973973973974,92.888859961406
3.983983983983984,92.8800966582258
3.993993993993994,92.91378890173621
4.004004004004004,92.98995219923414
4.014014014014014,93.10834479238426
4.024024024024024,93.26846613056236
4.034034034034034,93.46955695515608
4.044044044044044,93.71060101267732
4.054054054054054,93.99032840412067
4.064064064064064,94.30722056741685
4.074074074074074,94.65951687914888
4.084084084084084,95.04522285099463
4.094094094094094,95.46211988569875
4.104104104104104,95.90777654684155
4.114114114114114,96.37956128632302
4.124124124124124,96.87465656339918
4.134134134134134,97.39007427935886
4.1441441441441444,97.92267244258416
4.1541541541541545,98.46917296986298
4.1641641641641645,99.02618052148381
4.1741741741741745,99.59020225989786
4.1841841841841845,100.15766841464762
4.1941941941941945,100.72495352987823
4.2042042042042045,101.28839826512777
4.2142142142142145,101.84433161527285
4.2242242242242245,102.38909341152987
4.2342342342342345,102.91905696231437
4.2442442442442445,103.4306516905685
4.2542542542542545,103.92038562290296
4.2642642642642645,104.38486758558405
4.2742742742742745,104.82082896303447
4.2842842842842845,105.22514487611583
4.2942942942942945,105.59485464001811
4.3043043043043046,105.9271813650866
4.314314314314315,106.21955056835395
4.324324324324325,106.46960766889416
4.334334334334335,106.67523424634483
4.344344344344345,106.83456294902146
4.354354354354355,106.9459909459297
4.364364364364365,107.0081918256245
4.374374374374375,107.02012585421357
4.384384384384385,106.98104851480039
4.394394394394395,106.89051726124791
4.404404404404405,106.74839643024893
4.414414414414415,106.55486026724319
4.424424424424425,106.3103940336513
4.434434434434435,106.0157931751204
4.444444444444445,105.67216054292139
4.454454454454455,105.28090167321531
4.464464464464465,104.84371814153548
4.474474474474475,104.36259902243094
4.484484484484485,103.8398104966936
4.494494494494495,103.27788366086995
4.504504504504505,102.67960060574792
4.514514514514515,102.04797884213362
4.524524524524525,101.38625416340635
4.534534534534535,100.69786204498904
4.544544544544545,99.98641769092103
4.554554554554555,99.25569484709683
4.564564564564565,98.50960350937437
4.574574574574575,97.75216666259817
4.584584584584585,96.98749619356732
4.594594594594595,96.21976812705356
4.604604604604605,95.45319733910259
4.614614614614615,94.6920119059823
4.624624624624625,93.94042725025167
4.634634634634635,93.20262024748259
4.644644644644645,92.48270345815942
4.654654654654655,91.78469964919097
4.664664664664665,91.1125167682975
4.674674674674675,90.46992353228381
4.684684684684685,89.86052578688592
4.694694694694695,89.28774379150447
4.704704704704705,88.75479057673869
4.714714714714715,88.26465151623832
4.724724724724725,87.8200652470423
4.734734734734735,87.42350606431219
4.744744744744745,87.07716790725534
4.754754754754755,86.78295004311461
4.764764764764765,86.54244454545443
4.774774774774775,86.35692565165655
4.784784784784785,86.22734107263094
4.794794794794795,86.15430531532616
4.804804804804805,86.13809506576956
4.814814814814815,86.1786466671652
4.824824824824825,86.27555571411737
4.834834834834835,86.42807877041434
4.844844844844845,86.63513720409554
4.854854854854855,86.89532311982603
4.864864864864865,87.20690735500519
4.874874874874875,87.56784949263493
4.884884884884885,87.97580983085638
4.894894894894895,88.42816323631945
4.904904904904905,88.92201479626507
4.914914914914915,89.45421717245542
4.924924924924925,90.02138954896677
4.934934934934935,90.61993805543115
4.944944944944945,91.24607753765406
4.954954954954955,91.89585453870926
4.964964964964965,92.56517134567294
4.974974974974975,93.24981095017242
4.984984984984985,93.94546276492575
4.994994994994995,94.6477489334868
5.005005005005005,95.35225106651318
5.015015015015015,96.05453723507422
5.025025025025025,96.75018904982755
5.035035035035035,97.43482865432703
5.045045045045045,98.10414546129071
5.055055055055055,98.75392246234591
5.065065065065065,99.38006194456884
5.075075075075075,99.9786104510332
5.085085085085085,100.54578282754457
5.095095095095095,101.0779852037349
5.105105105105105,101.57183676368052
5.115115115115115,102.02419016914361
5.125125125125125,102.43215050736505
5.135135135135135,102.7930926449948
5.145145145145145,103.10467688017395
5.155155155155155,103.36486279590444
5.165165165165165,103.57192122958564
5.175175175175175,103.72444428588261
5.185185185185185,103.8213533328348
5.195195195195195,103.86190493423044
5.205205205205205,103.84569468467384
5.215215215215215,103.77265892736908
5.225225225225225,103.64307434834345
5.235235235235235,103.45755545454558
5.245245245245245,103.2170499568854
5.255255255255255,102.92283209274467
5.265265265265265,102.57649393568781
5.275275275275275,102.17993475295772
5.285285285285285,101.7353484837617
5.295295295295295,101.24520942326134
5.305305305305305,100.71225620849555
5.315315315315315,100.1394742131141
5.325325325325325,99.5300764677162
5.335335335335335,98.88748323170252
5.345345345345345,98.21530035080906
5.355355355355355,97.51729654184061
5.365365365365365,96.79737975251744
5.375375375375375,96.05957274974836
5.385385385385385,95.30798809401773
5.395395395395395,94.54680266089744
5.405405405405405,93.78023187294647
5.415415415415415,93.0125038064327
5.425425425425425,92.24783333740186
5.435435435435435,91.49039649062566
5.445445445445445,90.7443051529032
5.455455455455455,90.013582309079
5.465465465465465,89.30213795501099
5.475475475475475,88.61374583659368
5.485485485485485,87.95202115786641
5.495495495495495,87.3203993942521
5.505505505505505,86.72211633913008
5.515515515515515,86.16018950330641
5.525525525525525,85.63740097756909
5.535535535535535,85.15628185846454
5.545545545545545,84.7190983267847
5.555555555555555,84.32783945707862
5.565565565565565,83.98420682487962
5.575575575575575,83.68960596634871
5.585585585585585,83.44513973275681
5.595595595595595,83.25160356975107
5.605605605605605,83.10948273875209
5.615615615615615,83.01895148519961
5.625625625625625,82.97987414578643
5.635635635635635,82.9918081743755
5.645645645645645,83.0540090540703
5.655655655655655,83.16543705097853
5.665665665665665,83.32476575365516
5.675675675675675,83.53039233110584
5.685685685685685,83.78044943164605
5.6956956956956954,84.07281863491339
5.7057057057057055,84.40514535998187
5.7157157157157155,84.77485512388415
5.7257257257257255,85.17917103696551
5.7357357357357355,85.61513241441594
5.7457457457457455,86.07961437709703
5.7557557557557555,86.56934830943148
5.7657657657657655,87.0809430376856
5.7757757757757755,87.61090658847012
5.7857857857857855,88.15566838472711
5.7957957957957955,88.71160173487222
5.8058058058058055,89.27504647012174
5.8158158158158155,89.84233158535234
5.8258258258258255,90.40979774010214
5.8358358358358355,90.97381947851616
5.8458458458458455,91.53082703013696
5.8558558558558556,92.07732755741584
5.865865865865866,92.60992572064112
5.875875875875876,93.1253434366008
5.885885885885886,93.62043871367698
5.895895895895896,94.09222345315843
5.905905905905906,94.53788011430123
5.915915915915916,94.95477714900532
5.925925925925926,95.3404831208511
5.935935935935936,95.69277943258314
5.945945945945946,96.00967159587928
5.955955955955956,96.28939898732268
5.965965965965966,96.5304430448439
5.975975975975976,96.73153386943761
5.985985985985986,96.89165520761574
5.995995995995996,97.01004780076585
6.006006006006006,97.08621109826379
6.016016016016016,97.1199033417742
6.026026026026026,97.111140038594
6.036036036036036,97.06019085207951
6.046046046046046,96.967574947088
6.056056056056056,96.83405483789144
6.066066066066066,96.66062879512833
6.076076076076076,96.44852187699
6.086086086086086,96.19917565794091
6.096096096096096,95.91423673579797
6.106106106106106,95.5955441049009
6.116116116116116,95.24511548935227
6.126126126126126,94.86513273586256
6.136136136136136,94.45792637056795
6.146146146146146,94.02595942827944
6.156156156156156,93.57181066594805
6.166166166166166,93.09815727468224
6.176176176176176,92.60775720642158
6.186186186186186,92.10343123235623
6.196196196196196,91.58804485038203
6.206206206206206,91.06449015831254
6.216216216216216,90.53566780824
6.226226226226226,90.00446915536878
6.236236236236236,89.47375871185844
6.246246246246246,88.94635701274233
6.256256256256256,88.42502399685607
6.266266266266266,87.91244300096291
6.276276276276276,87.4112054599346
6.286286286286286,86.92379639998269
6.296296296296296,86.45258080558253
6.306306306306306,85.9997909339387
6.316316316316316,85.56751464366089
6.326326326326326,85.1576847968024
6.336336336336336,84.77206978561674
6.346346346346346,84.41226522737072
6.356356356356356,84.07968686236305
6.366366366366366,83.77556468200243
6.376376376376376,83.50093830545023
6.386386386386386,83.25665361498626
6.396396396396396,83.04336065197076
6.406406406406406,82.86151276710402
6.416416416416417,82.71136701067866
6.426426426426427,82.5929857407337
6.436436436436437,82.50623941949642
6.446446446446447,82.45081056129146
6.456456456456457,82.42619878824281
6.466466466466467,82.43172694363781
6.476476476476477,82.46654820679898
6.486486486486487,82.52965414775201
6.496496496496497,82.61988365491665
6.506506506506507,82.7359326645078
6.516516516516517,82.87636461633825
6.526526526526527,83.03962155727929
6.536536536536537,83.22403581077748
6.546546546546547,83.42784212854897
6.556556556556557,83.6491902388904
6.566566566566567,83.88615770495105
6.576576576576577,84.13676300580666
6.586586586586587,84.39897875325349
6.596596596596597,84.67074495789069
6.606606606606607,84.94998225926467
6.616616616616617,85.23460503659717
6.626626626626627,85.52253431888164
6.636636636636637,85.8117104158934
6.646646646646647,86.10010519488351
6.656656656656657,86.38573393138971
6.666666666666667,86.66666666666664
6.676676676676677,86.94103900867376
6.686686686686687,87.20706231833172
6.696696696696697,87.46303322782697
6.706706706706707,87.70734244306482
6.716716716716717,87.93848278791418
6.726726726726727,88.15505645360048
6.736736736736737,88.35578142245038
6.746746746746747,88.53949704113366
6.756756756756757,88.70516872453534
6.766766766766767,88.85189177739159
6.776776776776777,88.97889432678957
6.786786786786787,89.0855393645286
6.796796796796797,89.1713259041289
6.806806806806807,89.23588926291576
6.816816816816817,89.27900048506996
6.826826826826827,89.30056492678462
6.836836836836837,89.30062002967215
6.846846846846847,89.27933231329685
6.856856856856857,89.23699362214154
6.866866866866867,89.174016666424
6.876876876876877,89.09092989994602
6.886886886886887,88.98837178155942
6.896896896896897,88.86708446985892
6.906906906906907,88.72790700334708
6.916916916916917,88.57176802055173
6.926926926926927,88.39967807640437
6.936936936936937,88.21272161260838
6.946946946946947,88.01204864073114
6.956956956956957,87.79886619735467
6.966966966966967,87.5744296308118
6.976976976976977,87.3400337788321
6.986986986986987,87.09700409583118
6.996996996996997,86.84668778761159
7.007007007007007,86.59044500991672
7.017017017017017,86.32964018561141
7.027027027027027,86.06563349326612
7.037037037037037,85.79977257762512
7.047047047047047,85.53338452985702
7.057057057057057,85.2677681826463
7.067067067067067,85.00418676211247
7.077077077077077,84.74386093526172
7.087087087087087,84.48796228821337
7.097097097097097,84.23760726682941
7.107107107107107,83.99385160763141
7.117117117117117,83.75768528305134
7.127127127127127,83.53002798115233
7.137137137137137,83.31172513600404
7.147147147147147,83.10354452093222
7.157157157157157,82.90617341290752
7.167167167167167,82.72021633242522
7.177177177177177,82.54619335937728
7.187187187187187,82.38453902165564
7.197197197197197,82.23560174957764
7.207207207207207,82.09964388570718
7.217217217217217,81.97684223628374
7.227227227227227,81.86728914728351
7.237237237237237,81.77099408513727
7.247247247247247,81.68788569933797
7.257257257257257,81.61781434159822
7.267267267267267,81.56055501387607
7.277277277277277,81.51581071548848
7.287287287287287,81.48321615768187
7.297297297297297,81.46234181243507
7.307307307307307,81.4526982609376
7.317317317317317,81.45374080611444
7.327327327327327,81.46487431276238
7.337337337337337,81.4854582383177
7.347347347347347,81.51481181698931
7.357357357357357,81.55221935996026
7.367367367367367,81.59693563457802
7.377377377377377,81.64819128591039
7.387387387387387,81.70519826473364
7.397397397397397,81.76715522692726
7.407407407407407,81.8332528703674
7.4174174174174174,81.90267917672496
7.4274274274274275,81.974624527067
7.4374374374374375,82.0482866618232
7.4474474474474475,82.12287545749034
7.4574574574574575,82.19761749439466
7.4674674674674675,82.27176039189787
7.4774774774774775,82.34457688959806
7.4874874874874875,82.41536865532619
7.4974974974974975,82.48346980305568
7.5075075075075075,82.54825010620573
7.5175175175175175,82.60911789421627
7.5275275275275275,82.66552262268193
7.5375375375375375,82.71695710974078
7.5475475475475475,82.76295943380302
7.5575575575575575,82.80311449006054
7.5675675675675675,82.8370552055235
7.5775775775775776,82.86446341457471
7.587587587587588,82.88507039919702
7.597597597597598,82.8986571001072
7.607607607607608,82.90505400700566
7.617617617617618,82.90414073801618
7.627627627627628,82.89584532013465
7.637637637637638,82.88014318412083
7.647647647647648,82.85705588874607
7.657657657657658,82.82664959064742
7.667667667667668,82.78903327722651
7.677677677677678,82.74435678107173
7.687687687687688,82.69280859526555
7.697697697697698,82.6346135096687
7.707707707707708,82.57003008884729
7.717717717717718,82.49934801272737
7.727727727727728,82.42288530132747
7.737737737737738,82.34098544503581
7.747747747747748,82.25401446186649
7.757757757757758,82.16235790295681
7.767767767767768,82.06641782725748
7.777777777777778,81.96660976592673
7.787787787787788,81.86335969637626
7.797797797797798,81.75710104523648
7.807807807807808,81.64827173872072
7.817817817817818,81.5373113179825
7.827827827827828,81.424658136081
7.837837837837838,81.31074665211443
7.847847847847848,81.19600483695088
7.857857857857858,81.08085170379682
7.867867867867868,80.965694975603
7.877877877877878,80.8509289000244
7.887887887887888,80.73693222133818
7.897897897897898,80.62406631738936
7.907907907907908,80.51267350828648
7.917917917917918,80.40307554222332
7.927927927927928,80.29557226246023
7.937937937937938,80.1904404581747
7.947947947947948,80.08793290059067
7.957957957957958,79.98827756452796
7.967967967967968,79.89167703428647
7.977977977977978,79.79830809159986
7.987987987987988,79.70832148226619
7.997997997997998,79.62184185699788
8.008008008008009,79.5389678810307
8.018018018018019,79.4597725060998
8.028028028028029,79.38430339753309
8.038038038038039,79.31258350843095
8.048048048048049,79.24461179220016
8.058058058058059,79.18036404409114
8.068068068068069,79.11979386185209
8.078078078078079,79.0628337151625
8.088088088088089,79.00939611314199
8.098098098098099,78.95937485894879
8.108108108108109,78.91264638028275
8.118118118118119,78.86907112449158
8.128128128128129,78.82849500694181
8.138138138138139,78.7907509013565
8.148148148148149,78.75566016093741
8.158158158158159,78.72303415927462
8.168168168168169,78.69267584030153
8.178178178178179,78.66438126686973
8.188188188188189,78.63794115789453
8.198198198198199,78.61314240445317
8.208208208208209,78.58976955569729
8.218218218218219,78.56760626596692
8.228228228228229,78.54643669505715
8.238238238238239,78.52604685418741
8.248248248248249,78.50622589085042
8.258258258258259,78.4867673063695
8.268268268268269,78.46747010066166
8.278278278278279,78.44813983938663
8.288288288288289,78.4285896393521
8.298298298298299,78.40864106873904
8.308308308308309,78.3881249594019
8.318318318318319,78.36688212918317
8.328328328328329,78.34476401285609
8.338338338338339,78.32163320096683
8.348348348348349,78.29736388648737
8.358358358358359,78.27184221980622
8.368368368368369,78.24496657317401
8.378378378378379,78.21664771628245
8.388388388388389,78.18680890518245
8.398398398398399,78.15538588724209
8.408408408408409,78.12232682530212
8.418418418418419,78.0875921446052
8.428428428428429,78.0511543064545
8.438438438438439,78.01299751289484
8.448448448448449,77.97311734700551
8.458458458458459,77.9315203536483
8.468468468468469,77.8882235657253
8.478478478478479,77.84325398116991
8.488488488488489,77.79664799602266
8.498498498498499,77.74845079902889
8.508508508508509,77.69871573324163
8.518518518518519,77.64750363012045
8.528528528528529,77.59488212158631
8.538538538538539,77.54092493542645
8.548548548548549,77.48571117934327
8.558558558558559,77.42932461880876
8.568568568568569,77.37185295372416
8.578578578578579,77.31338709869493
8.588588588588589,77.25402047151621
8.598598598598599,77.19384829422654
8.608608608608609,77.1329669108298
8.618618618618619,77.07147312550988
8.62862862862863,77.00946356487269
8.63863863863864,76.94703406744611
8.64864864864865,76.88427910335729
8.65865865865866,76.82129122678538
8.66866866866867,76.75816056346362
8.67867867867868,76.69497433517719
8.68868868868869,76.6318164228761
8.6986986986987,76.56876696969717
8.70870870870871,76.50590202486889
8.71871871871872,76.44329322915823
8.72872872872873,76.38100754221277
8.73873873873874,76.31910701185613
8.74874874874875,76.25764858510979
8.75875875875876,76.19668396044466
8.76876876876877,76.13625948050834
8.77877877877878,76.07641606433458
8.78878878878879,76.017189177817
8.7987987987988,75.95860884102312
8.80880880880881,75.90069967073708
8.81881881881882,75.8434809564504
8.82882882882883,75.78696676787013
8.83883883883884,75.7311660918837
8.84884884884885,75.67608299680911
8.85885885885886,75.62171682166768
8.86886886886887,75.56806238814484
8.87887887887888,75.51511023285146
8.88888888888889,75.4628468574642
8.8988988988989,75.4112549943066
8.90890890890891,75.36031388493426
8.91891891891892,75.30999956930471
8.92892892892893,75.2602851831465
8.93893893893894,75.21114126119018
8.94894894894895,75.16253604398618
8.95895895895896,75.11443578611001
8.96896896896897,75.06680506364185
8.97897897897898,75.0196070789058
8.98898898898899,74.97280396056067
8.998998998999,74.92635705725047
9.00900900900901,74.88022722314506
9.01901901901902,74.83437509383076
9.02902902902903,74.7887613511442
9.03903903903904,74.74334697568035
9.04904904904905,74.69809348584579
9.05905905905906,74.65296316247007
9.06906906906907,74.6079192581299
9.07907907907908,74.56292619048286
9.08908908908909,74.51794971904702
9.0990990990991,74.47295710500111
9.10910910910911,74.42791725371373
9.11911911911912,74.38280083984081
9.12912912912913,74.33758041495624
9.13913913913914,74.29223049780029
9.14914914914915,74.24672764734497
9.15915915915916,74.20105051898304
9.16916916916917,74.15517990424728
9.17917917917918,74.10909875456072
9.18918918918919,74.06279218960337
9.1991991991992,74.01624749095814
9.20920920920921,73.96945408176877
9.21921921921922,73.92240349320309
9.22922922922923,73.87508931856765
9.23923923923924,73.82750715596461
9.24924924924925,73.77965454041761
9.25925925925926,73.73153086642186
9.26926926926927,73.68313730189378
9.27927927927928,73.63447669450781
9.28928928928929,73.5855534714139
9.2992992992993,73.53637353332633
9.30930930930931,73.4869441439663
9.31931931931932,73.43727381582588
9.32932932932933,73.38737219319869
9.33933933933934,73.33724993339773
9.34934934934935,73.28691858704737
9.35935935935936,73.23639047830137
9.36936936936937,73.18567858579748
9.37937937937938,73.13479642511555
9.38938938938939,73.08375793345816
9.3993993993994,73.03257735722299
9.40940940940941,72.9812691430838
9.41941941941942,72.92984783314252
9.42942942942943,72.87832796466027
9.43943943943944,72.8267239748177
9.44944944944945,72.77505011089997
9.45945945945946,72.72332034624384
9.46946946946947,72.67154830222879
9.47947947947948,72.61974717653878
9.48948948948949,72.56792967786646
9.4994994994995,72.51610796717962
9.50950950950951,72.4642936056184
9.51951951951952,72.4124975090422
9.52952952952953,72.3607299092
9.53953953953954,72.3090003214521
9.54954954954955,72.2573175189309
9.55955955955956,72.20568951298938
9.56956956956957,72.15412353975015
9.57957957957958,72.1026260525358
9.58958958958959,72.05120271993158
9.5995995995996,71.99985842920542
9.60960960960961,71.9485972947874
9.61961961961962,71.89742267149113
9.62962962962963,71.8463371721429
9.63963963963964,71.79534268927135
9.64964964964965,71.74444042049991
9.65965965965966,71.69363089727766
9.66966966966967,71.64291401657937
9.67967967967968,71.59228907520423
9.68968968968969,71.54175480630443
9.6996996996997,71.49130941777766
9.70970970970971,71.44095063216456
9.71971971971972,71.39067572769966
9.72972972972973,71.34048158017532
9.73973973973974,71.29036470529002
9.74974974974975,71.24032130116626
9.75975975975976,71.19034729073873
9.76976976976977,71.14043836372996
9.77977977977978,71.09059001794857
9.78978978978979,71.04079759966376
9.7997997997998,70.99105634282921
9.80980980980981,70.94136140694935
9.81981981981982,70.89170791340199
9.82982982982983,70.84209098005101
9.83983983983984,70.79250575400427
9.84984984984985,70.74294744239225
9.85985985985986,70.69341134106337
9.86986986986987,70.64389286111187
9.87987987987988,70.59438755317406
9.88988988988989,70.54489112944725
9.8998998998999,70.4953994834045
9.90990990990991,70.44590870719533
9.91991991991992,70.39641510673944
9.92992992992993,70.34691521453628
9.93993993993994,70.29740580022755
9.94994994994995,70.2478838789637
9.95995995995996,70.19834671763819
9.96996996996997,70.14879183906366
9.97997997997998,70.09921702417611
9.98998998998999,70.04962031236047
10.0,70.0
